Timestamp,Open,High,Low,Close
2025-02-03 03:00:00,21013.0,21017.0,21004.5,21007.5
2025-02-03 03:05:00,21008.75,21015.75,20995.5,21005.0
2025-02-03 03:10:00,21006.75,21019.0,21002.5,21006.75
2025-02-03 03:15:00,21008.0,21024.25,21006.25,21016.0
2025-02-03 03:20:00,21016.25,21038.75,21015.0,21031.0
2025-02-03 03:25:00,21032.25,21044.0,21025.5,21041.5
2025-02-03 03:30:00,21040.75,21059.0,21035.25,21042.0
2025-02-03 03:35:00,21041.0,21041.25,21025.5,21030.75
2025-02-03 03:40:00,21031.0,21035.75,21023.5,21027.75
2025-02-03 03:45:00,21028.5,21035.5,21018.25,21032.5
2025-02-03 03:50:00,21034.25,21039.0,21025.5,21032.25
2025-02-03 03:55:00,21032.75,21045.25,21032.0,21035.75
2025-02-03 04:00:00,21034.5,21052.75,21031.75,21038.5
2025-02-03 04:05:00,21038.5,21038.5,21016.5,21020.5
2025-02-03 04:10:00,21021.25,21031.25,21007.25,21029.75
2025-02-03 04:15:00,21029.25,21032.5,21020.25,21022.0
2025-02-03 04:20:00,21020.25,21022.5,21005.75,21017.5
2025-02-03 04:25:00,21018.5,21020.0,21012.0,21014.75
2025-02-03 04:30:00,21015.25,21015.5,20983.0,20986.5
2025-02-03 04:35:00,20987.0,20996.25,20981.0,20986.0
2025-02-03 04:40:00,20987.25,20999.75,20987.25,20998.0
2025-02-03 04:45:00,20997.5,21015.0,20989.75,21010.25
2025-02-03 04:50:00,21010.25,21025.0,21006.5,21024.75
2025-02-03 04:55:00,21023.75,21026.5,21017.0,21018.5
2025-02-03 05:00:00,21019.0,21020.5,20998.25,21006.25
2025-02-03 05:05:00,21006.25,21023.0,21006.25,21017.25
2025-02-03 05:10:00,21016.0,21041.25,21015.25,21032.75
2025-02-03 05:15:00,21032.25,21037.75,21026.75,21035.0
2025-02-03 05:20:00,21035.75,21037.25,21025.5,21030.0
2025-02-03 05:25:00,21032.0,21034.0,21022.75,21029.75
2025-02-03 05:30:00,21027.5,21035.25,21025.0,21028.0
2025-02-03 05:35:00,21027.25,21030.0,21017.0,21027.0
2025-02-03 05:40:00,21027.5,21037.75,21026.75,21035.75
2025-02-03 05:45:00,21035.0,21052.25,21029.5,21051.0
2025-02-03 05:50:00,21051.75,21076.75,21051.75,21075.5
2025-02-03 05:55:00,21075.5,21077.0,21064.75,21072.0
2025-02-03 06:00:00,21071.0,21090.0,21064.5,21082.5
2025-02-03 06:05:00,21080.25,21082.0,21061.0,21068.25
2025-02-03 06:10:00,21068.0,21071.5,21053.0,21055.25
2025-02-03 06:15:00,21055.75,21062.25,21044.75,21055.25
2025-02-03 06:20:00,21055.5,21059.5,21045.75,21047.25
2025-02-03 06:25:00,21047.5,21058.75,21044.0,21051.0
2025-02-03 06:30:00,21051.75,21066.75,21051.75,21059.25
2025-02-03 06:35:00,21059.75,21068.75,21059.75,21063.0
2025-02-03 06:40:00,21064.0,21071.0,21062.0,21066.0
2025-02-03 06:45:00,21065.75,21101.0,21059.75,21089.75
2025-02-03 06:50:00,21089.5,21093.0,21054.25,21062.5
2025-02-03 06:55:00,21064.0,21071.5,21059.0,21066.0
2025-02-03 07:00:00,21068.0,21097.75,21067.75,21093.75
2025-02-03 07:05:00,21093.5,21104.75,21083.75,21090.5
2025-02-03 07:10:00,21090.5,21107.25,21083.5,21093.5
2025-02-03 07:15:00,21092.75,21095.75,21076.5,21085.0
2025-02-03 07:20:00,21086.0,21103.75,21086.0,21102.25
2025-02-03 07:25:00,21102.0,21104.75,21085.25,21102.75
2025-02-03 07:30:00,21103.75,21110.0,21088.0,21099.75
2025-02-03 07:35:00,21099.0,21103.0,21083.75,21095.75
2025-02-03 07:40:00,21097.0,21116.0,21097.0,21107.25
2025-02-03 07:45:00,21108.0,21139.5,21100.25,21138.25
2025-02-03 07:50:00,21137.75,21154.0,21127.5,21128.75
2025-02-03 07:55:00,21127.75,21129.75,21110.0,21117.75
2025-02-03 08:00:00,21118.25,21159.75,21118.25,21155.0
2025-02-03 08:05:00,21154.5,21185.25,21139.25,21185.25
2025-02-03 08:10:00,21183.0,21188.0,21169.5,21185.75
2025-02-03 08:15:00,21184.75,21242.75,21169.75,21241.5
2025-02-03 08:20:00,21238.75,21252.0,21216.0,21219.0
2025-02-03 08:25:00,21217.75,21220.75,21202.5,21212.0
2025-02-03 08:30:00,21210.5,21227.75,21202.25,21217.25
2025-02-03 08:35:00,21219.0,21237.25,21205.0,21206.0
2025-02-03 08:40:00,21205.25,21209.0,21189.25,21197.5
2025-02-03 08:45:00,21197.75,21205.5,21180.25,21197.5
2025-02-03 08:50:00,21197.25,21214.75,21191.75,21198.0
2025-02-03 08:55:00,21197.75,21221.75,21197.75,21205.0
2025-02-03 09:00:00,21206.25,21226.5,21184.75,21222.75
2025-02-03 09:05:00,21220.5,21227.0,21190.25,21191.5
2025-02-03 09:10:00,21190.25,21214.25,21181.75,21208.25
2025-02-03 09:15:00,21207.0,21216.0,21181.0,21183.0
2025-02-03 09:20:00,21182.25,21201.25,21166.5,21187.5
2025-02-03 09:25:00,21188.0,21207.0,21188.0,21200.5
2025-02-03 09:30:00,21200.5,21232.0,21200.5,21228.5
2025-02-03 09:35:00,21228.5,21229.75,21197.5,21201.5
2025-02-03 09:40:00,21202.0,21213.25,21184.5,21189.5
2025-02-03 09:45:00,21188.25,21198.0,21178.5,21192.5
2025-02-03 09:50:00,21192.25,21199.0,21180.0,21185.75
2025-02-03 09:55:00,21186.25,21188.75,21174.25,21183.5
2025-02-03 10:00:00,21181.5,21193.5,21158.25,21162.25
2025-02-03 10:05:00,21161.5,21204.75,21160.5,21199.25
2025-02-03 10:10:00,21199.25,21209.75,21189.5,21208.0
2025-02-03 10:15:00,21208.25,21209.75,21193.0,21202.0
2025-02-03 10:20:00,21202.0,21213.0,21193.0,21202.5
2025-02-03 10:25:00,21202.5,21214.75,21198.0,21205.5
2025-02-03 10:30:00,21207.5,21240.0,21207.5,21233.25
2025-02-03 10:35:00,21233.0,21241.25,21230.75,21234.25
2025-02-03 10:40:00,21235.75,21244.25,21226.75,21243.25
2025-02-03 10:45:00,21242.25,21246.5,21224.0,21230.0
2025-02-03 10:50:00,21232.0,21234.5,21218.75,21229.5
2025-02-03 10:55:00,21229.75,21233.0,21222.0,21232.75
2025-02-03 11:00:00,21233.5,21267.0,21233.5,21255.5
2025-02-03 11:05:00,21254.75,21269.5,21251.25,21262.0
2025-02-03 11:10:00,21263.75,21272.0,21260.25,21265.25
2025-02-03 11:15:00,21266.0,21267.25,21244.0,21250.0
2025-02-03 11:20:00,21250.0,21253.75,21240.75,21242.0
2025-02-03 11:25:00,21240.75,21246.25,21229.25,21235.5
2025-02-03 11:30:00,21235.25,21244.75,21227.25,21230.5
2025-02-03 11:35:00,21231.0,21234.75,21215.5,21218.0
2025-02-03 11:40:00,21218.5,21224.5,21213.0,21220.5
2025-02-03 11:45:00,21220.5,21234.0,21208.75,21215.5
2025-02-03 11:50:00,21216.75,21219.75,21197.0,21202.5
2025-02-03 11:55:00,21201.25,21231.75,21201.25,21224.5
2025-02-03 12:00:00,21224.75,21227.5,21194.75,21195.75
2025-02-03 12:05:00,21195.25,21207.5,21184.75,21194.25
2025-02-03 12:10:00,21195.5,21207.25,21175.75,21205.75
2025-02-03 12:15:00,21206.0,21216.0,21187.25,21189.75
2025-02-03 12:20:00,21189.25,21209.0,21186.25,21208.0
2025-02-03 12:25:00,21207.75,21230.75,21197.25,21213.75
2025-02-03 12:30:00,21213.5,21216.5,21186.0,21187.25
2025-02-03 12:35:00,21187.0,21192.5,21170.0,21177.0
2025-02-03 12:40:00,21177.25,21186.75,21170.0,21173.5
2025-02-03 12:45:00,21172.75,21178.75,21155.5,21170.0
2025-02-03 12:50:00,21170.0,21182.5,21158.25,21172.5
2025-02-03 12:55:00,21172.5,21182.5,21164.75,21179.25
2025-02-03 13:00:00,21180.25,21210.75,21163.0,21202.5
2025-02-03 13:05:00,21200.0,21247.5,21199.75,21214.75
2025-02-03 13:10:00,21216.0,21241.0,21201.25,21237.25
2025-02-03 13:15:00,21236.0,21237.0,21221.0,21232.5
2025-02-03 13:20:00,21230.75,21243.25,21205.75,21223.25
2025-02-03 13:25:00,21222.0,21226.0,21206.25,21221.0
2025-02-03 13:30:00,21221.5,21236.0,21202.25,21203.0
2025-02-03 13:35:00,21203.0,21203.0,21187.75,21190.75
2025-02-03 13:40:00,21190.25,21203.5,21182.5,21198.0
2025-02-03 13:45:00,21197.5,21209.5,21183.0,21194.0
2025-02-03 13:50:00,21192.75,21203.75,21175.0,21200.25
2025-02-03 13:55:00,21202.25,21207.25,21191.5,21202.5
2025-02-03 14:00:00,21202.25,21213.0,21193.25,21204.0
2025-02-03 14:05:00,21203.25,21218.0,21193.5,21197.0
2025-02-03 14:10:00,21197.0,21231.75,21184.25,21212.75
2025-02-03 14:15:00,21212.75,21220.5,21205.75,21220.0
2025-02-03 14:20:00,21219.25,21222.25,21203.75,21219.0
2025-02-03 14:25:00,21217.75,21226.25,21180.75,21215.75
2025-02-03 14:30:00,21216.0,21255.25,21177.5,21226.25
2025-02-03 14:35:00,21225.75,21314.5,21212.75,21307.75
2025-02-03 14:40:00,21307.0,21307.0,21252.0,21261.5
2025-02-03 14:45:00,21261.0,21268.0,21202.0,21210.75
2025-02-03 14:50:00,21211.25,21239.0,21171.5,21194.75
2025-02-03 14:55:00,21194.25,21252.0,21181.75,21216.0
2025-02-03 15:00:00,21215.25,21219.5,21145.0,21169.0
2025-02-03 15:05:00,21168.5,21215.0,21156.5,21200.5
2025-02-03 15:10:00,21201.0,21202.25,21122.25,21129.25
2025-02-03 15:15:00,21129.25,21143.0,21113.25,21114.75
2025-02-03 15:20:00,21115.0,21329.75,21113.5,21307.25
2025-02-03 15:25:00,21307.5,21362.5,21279.5,21352.25
2025-02-03 15:30:00,21352.25,21383.5,21321.25,21368.75
2025-02-03 15:35:00,21369.5,21402.75,21330.5,21363.25
2025-02-03 15:40:00,21364.25,21453.75,21339.0,21439.75
2025-02-03 15:45:00,21438.25,21444.25,21384.0,21409.75
2025-02-03 15:50:00,21411.0,21442.75,21392.0,21402.0
2025-02-03 15:55:00,21401.25,21442.0,21387.0,21420.0
2025-02-03 16:00:00,21419.5,21457.5,21375.0,21405.75
2025-02-03 16:05:00,21407.25,21429.0,21340.75,21419.0
2025-02-03 16:10:00,21419.25,21453.25,21415.25,21430.25
2025-02-03 16:15:00,21431.25,21450.25,21419.5,21447.0
2025-02-03 16:20:00,21447.0,21474.5,21429.5,21438.5
2025-02-03 16:25:00,21438.0,21446.25,21392.0,21405.0
2025-02-03 16:30:00,21405.0,21436.25,21378.5,21430.75
2025-02-03 16:35:00,21430.5,21437.75,21409.75,21433.25
2025-02-03 16:40:00,21434.25,21444.25,21398.5,21432.5
2025-02-03 16:45:00,21432.25,21459.0,21401.75,21405.0
2025-02-03 16:50:00,21405.0,21461.5,21401.5,21441.0
2025-02-03 16:55:00,21440.25,21440.5,21366.5,21382.5
2025-02-03 17:00:00,21382.0,21403.5,21369.0,21384.25
2025-02-03 17:05:00,21384.5,21402.5,21362.5,21401.75
2025-02-03 17:10:00,21401.75,21406.25,21372.5,21395.75
2025-02-03 17:15:00,21395.5,21405.75,21381.75,21405.25
2025-02-03 17:20:00,21405.5,21447.75,21401.25,21447.75
2025-02-03 17:25:00,21447.75,21456.0,21390.0,21392.5
2025-02-03 17:30:00,21392.5,21402.0,21369.25,21372.0
2025-02-03 17:35:00,21372.75,21381.75,21351.0,21367.0
2025-02-03 17:40:00,21366.5,21373.5,21347.0,21357.75
2025-02-03 17:45:00,21358.25,21392.0,21355.0,21378.5
2025-02-03 17:50:00,21379.25,21426.0,21377.25,21419.0
2025-02-03 17:55:00,21419.0,21422.5,21341.0,21401.25
2025-02-03 18:00:00,21400.75,21415.0,21350.75,21406.0
2025-02-03 18:05:00,21405.25,21418.0,21356.5,21369.0
2025-02-03 18:10:00,21368.5,21423.5,21357.75,21408.0
2025-02-03 18:15:00,21408.5,21427.5,21393.25,21403.25
2025-02-03 18:20:00,21404.0,21418.0,21393.25,21404.5
2025-02-03 18:25:00,21406.0,21437.0,21400.5,21414.0
2025-02-03 18:30:00,21413.75,21442.75,21407.25,21436.5
2025-02-03 18:35:00,21435.75,21449.0,21418.0,21432.0
2025-02-03 18:40:00,21432.0,21440.0,21398.75,21416.0
2025-02-03 18:45:00,21416.25,21454.0,21416.25,21447.5
2025-02-03 18:50:00,21447.25,21466.5,21447.25,21458.75
2025-02-03 18:55:00,21459.5,21473.0,21455.75,21467.75
2025-02-03 19:00:00,21467.0,21481.5,21455.25,21463.5
2025-02-03 19:05:00,21463.25,21477.75,21448.0,21473.75
2025-02-03 19:10:00,21473.25,21504.75,21472.25,21501.0
2025-02-03 19:15:00,21501.25,21519.75,21500.0,21510.25
2025-02-03 19:20:00,21509.75,21511.0,21494.0,21505.75
2025-02-03 19:25:00,21505.25,21509.0,21487.75,21489.0
2025-02-03 19:30:00,21489.75,21502.0,21479.25,21498.0
2025-02-03 19:35:00,21497.5,21498.25,21477.5,21489.75
2025-02-03 19:40:00,21489.75,21510.0,21481.75,21500.25
2025-02-03 19:45:00,21500.75,21514.25,21495.5,21507.5
2025-02-03 19:50:00,21507.75,21511.5,21497.5,21498.5
2025-02-03 19:55:00,21498.75,21506.0,21477.25,21485.5
2025-02-03 20:00:00,21486.25,21506.75,21475.5,21503.25
2025-02-03 20:05:00,21503.25,21503.25,21471.75,21478.25
2025-02-03 20:10:00,21479.0,21485.25,21462.5,21467.25
2025-02-03 20:15:00,21466.0,21490.5,21459.75,21489.25
2025-02-03 20:20:00,21489.75,21498.0,21481.0,21490.75
2025-02-03 20:25:00,21490.75,21491.25,21451.75,21458.0
2025-02-03 20:30:00,21458.0,21468.0,21442.75,21459.25
2025-02-03 20:35:00,21459.25,21470.75,21450.0,21451.75
2025-02-03 20:40:00,21452.5,21460.75,21429.25,21433.25
2025-02-03 20:45:00,21434.0,21439.25,21414.0,21433.5
2025-02-03 20:50:00,21434.25,21447.5,21420.5,21431.0
2025-02-03 20:55:00,21430.75,21431.0,21398.5,21404.5
2025-02-03 21:00:00,21404.5,21418.5,21388.25,21415.25
2025-02-03 21:05:00,21415.25,21449.75,21415.25,21424.25
2025-02-03 21:10:00,21424.75,21435.25,21420.25,21428.25
2025-02-03 21:15:00,21427.75,21503.0,21425.5,21497.25
2025-02-03 21:20:00,21497.5,21509.25,21475.0,21496.0
2025-02-03 21:25:00,21498.0,21516.0,21494.5,21507.25
2025-02-03 21:30:00,21509.0,21510.0,21494.25,21503.0
2025-02-03 21:35:00,21503.0,21570.25,21491.0,21552.75
2025-02-03 21:40:00,21552.0,21572.25,21548.75,21558.75
2025-02-03 21:45:00,21556.25,21579.75,21550.0,21573.25
2025-02-03 21:50:00,21573.25,21573.75,21548.75,21553.5
2025-02-03 21:55:00,21551.75,21554.0,21544.5,21553.25
2025-02-03 23:00:00,21592.0,21600.0,21568.5,21572.25
2025-02-03 23:05:00,21572.25,21584.75,21565.0,21574.25
2025-02-03 23:10:00,21575.5,21578.75,21567.0,21570.0
2025-02-03 23:15:00,21569.0,21577.25,21568.0,21574.5
2025-02-03 23:20:00,21575.25,21580.5,21570.25,21571.5
2025-02-03 23:25:00,21570.5,21573.5,21562.75,21566.5
2025-02-03 23:30:00,21567.5,21574.25,21560.75,21570.25
2025-02-03 23:35:00,21569.5,21573.0,21565.25,21570.75
2025-02-03 23:40:00,21569.25,21574.5,21568.5,21571.5
2025-02-03 23:45:00,21571.5,21578.75,21564.0,21565.25
2025-02-03 23:50:00,21564.5,21567.0,21553.5,21564.5
2025-02-03 23:55:00,21565.0,21573.5,21563.0,21571.5
2025-02-04 00:00:00,21571.25,21576.75,21558.5,21558.5
2025-02-04 00:05:00,21558.0,21559.0,21542.0,21550.75
2025-02-04 00:10:00,21552.0,21554.25,21544.0,21546.5
2025-02-04 00:15:00,21547.5,21556.0,21537.25,21544.0
2025-02-04 00:20:00,21544.5,21546.0,21536.5,21544.25
2025-02-04 00:25:00,21545.0,21553.25,21544.25,21550.25
2025-02-04 00:30:00,21550.25,21564.5,21548.0,21557.75
2025-02-04 00:35:00,21558.0,21561.75,21550.75,21555.75
2025-02-04 00:40:00,21556.0,21564.25,21556.0,21564.0
2025-02-04 00:45:00,21564.0,21565.0,21546.5,21547.0
2025-02-04 00:50:00,21547.25,21550.0,21541.5,21546.5
2025-02-04 00:55:00,21546.25,21552.0,21544.0,21549.0
2025-02-04 01:00:00,21548.75,21549.5,21528.25,21532.5
2025-02-04 01:05:00,21532.5,21534.5,21512.5,21518.75
2025-02-04 01:10:00,21519.5,21521.5,21505.5,21512.0
2025-02-04 01:15:00,21513.0,21521.0,21502.5,21505.0
2025-02-04 01:20:00,21506.5,21517.5,21495.5,21498.5
2025-02-04 01:25:00,21499.0,21512.5,21497.25,21509.0
2025-02-04 01:30:00,21509.0,21510.75,21480.0,21493.0
2025-02-04 01:35:00,21493.0,21499.5,21491.5,21494.75
2025-02-04 01:40:00,21496.25,21506.75,21495.75,21501.75
2025-02-04 01:45:00,21502.0,21505.25,21494.0,21502.5
2025-02-04 01:50:00,21502.25,21509.75,21500.0,21507.25
2025-02-04 01:55:00,21507.5,21514.75,21504.0,21509.75
2025-02-04 02:00:00,21509.75,21512.75,21499.5,21509.25
2025-02-04 02:05:00,21509.25,21515.5,21507.25,21515.0
2025-02-04 02:10:00,21515.25,21515.5,21508.0,21510.75
2025-02-04 02:15:00,21510.75,21511.0,21502.25,21507.75
2025-02-04 02:20:00,21508.0,21509.0,21490.25,21493.25
2025-02-04 02:25:00,21494.5,21507.0,21490.75,21504.5
2025-02-04 02:30:00,21504.0,21504.0,21483.0,21490.0
2025-02-04 02:35:00,21490.25,21493.5,21480.5,21484.25
2025-02-04 02:40:00,21485.25,21487.0,21468.25,21477.25
2025-02-04 02:45:00,21477.25,21481.0,21465.5,21467.0
2025-02-04 02:50:00,21466.5,21482.0,21466.5,21475.25
2025-02-04 02:55:00,21474.5,21475.25,21462.0,21468.5
2025-02-04 03:00:00,21468.75,21473.0,21455.0,21455.25
2025-02-04 03:05:00,21454.75,21462.25,21454.0,21456.75
2025-02-04 03:10:00,21456.5,21471.0,21456.25,21467.25
2025-02-04 03:15:00,21467.0,21467.0,21450.75,21459.75
2025-02-04 03:20:00,21459.25,21468.0,21455.0,21467.0
2025-02-04 03:25:00,21466.25,21471.0,21462.5,21464.25
2025-02-04 03:30:00,21465.5,21469.0,21457.0,21460.75
2025-02-04 03:35:00,21461.75,21468.0,21448.5,21453.75
2025-02-04 03:40:00,21454.0,21454.5,21426.0,21439.25
2025-02-04 03:45:00,21438.25,21444.25,21435.75,21440.25
2025-02-04 03:50:00,21441.0,21448.25,21441.0,21445.75
2025-02-04 03:55:00,21447.0,21454.0,21445.5,21449.75
2025-02-04 04:00:00,21450.5,21460.5,21450.0,21457.5
2025-02-04 04:05:00,21458.5,21462.75,21453.5,21461.0
2025-02-04 04:10:00,21460.25,21471.75,21456.0,21471.5
2025-02-04 04:15:00,21470.5,21473.5,21462.75,21464.25
2025-02-04 04:20:00,21464.0,21472.5,21460.25,21468.25
2025-02-04 04:25:00,21468.5,21475.75,21467.0,21473.75
2025-02-04 04:30:00,21473.5,21474.0,21458.25,21459.25
2025-02-04 04:35:00,21459.25,21463.0,21456.75,21459.25
2025-02-04 04:40:00,21459.0,21463.5,21455.5,21463.5
2025-02-04 04:45:00,21463.5,21468.75,21451.0,21452.0
2025-02-04 04:50:00,21451.5,21457.0,21441.75,21454.25
2025-02-04 04:55:00,21454.25,21459.0,21448.25,21449.25
2025-02-04 05:00:00,21449.25,21451.5,21395.5,21401.25
2025-02-04 05:05:00,21401.75,21403.5,21242.5,21321.25
2025-02-04 05:10:00,21320.75,21348.5,21289.0,21306.0
2025-02-04 05:15:00,21304.75,21319.75,21271.0,21299.25
2025-02-04 05:20:00,21294.5,21308.75,21242.5,21304.25
2025-02-04 05:25:00,21308.75,21344.25,21292.0,21334.5
2025-02-04 05:30:00,21334.0,21348.25,21317.75,21330.5
2025-02-04 05:35:00,21332.0,21361.5,21332.0,21356.75
2025-02-04 05:40:00,21355.75,21357.75,21344.5,21352.25
2025-02-04 05:45:00,21354.25,21359.25,21344.0,21353.5
2025-02-04 05:50:00,21355.5,21410.0,21355.5,21379.0
2025-02-04 05:55:00,21378.75,21379.0,21353.5,21358.25
2025-02-04 06:00:00,21359.25,21374.75,21355.5,21364.5
2025-02-04 06:05:00,21364.25,21374.75,21359.0,21362.75
2025-02-04 06:10:00,21364.5,21370.5,21337.25,21359.75
2025-02-04 06:15:00,21359.5,21366.5,21344.75,21355.25
2025-02-04 06:20:00,21353.75,21363.25,21349.0,21359.25
2025-02-04 06:25:00,21356.5,21370.0,21351.25,21358.25
2025-02-04 06:30:00,21360.0,21365.5,21339.0,21358.5
2025-02-04 06:35:00,21356.25,21362.25,21328.25,21349.75
2025-02-04 06:40:00,21349.75,21371.75,21343.0,21363.25
2025-02-04 06:45:00,21364.0,21384.75,21358.0,21381.5
2025-02-04 06:50:00,21382.75,21389.0,21374.25,21378.25
2025-02-04 06:55:00,21379.5,21402.75,21375.0,21400.25
2025-02-04 07:00:00,21400.5,21407.75,21387.75,21390.75
2025-02-04 07:05:00,21389.25,21410.75,21388.75,21403.5
2025-02-04 07:10:00,21403.5,21417.5,21387.0,21415.5
2025-02-04 07:15:00,21416.25,21424.75,21409.25,21414.5
2025-02-04 07:20:00,21412.75,21414.0,21401.0,21405.0
2025-02-04 07:25:00,21404.75,21410.0,21396.0,21403.5
2025-02-04 07:30:00,21404.5,21418.75,21401.0,21415.0
2025-02-04 07:35:00,21415.5,21420.5,21400.75,21413.0
2025-02-04 07:40:00,21410.5,21410.5,21396.0,21401.5
2025-02-04 07:45:00,21401.25,21419.0,21397.5,21415.25
2025-02-04 07:50:00,21414.0,21424.75,21406.75,21412.0
2025-02-04 07:55:00,21411.0,21413.5,21397.5,21405.75
2025-02-04 08:00:00,21405.75,21422.0,21383.75,21387.75
2025-02-04 08:05:00,21385.0,21391.75,21376.0,21379.75
2025-02-04 08:10:00,21379.0,21381.5,21357.5,21379.75
2025-02-04 08:15:00,21377.5,21387.75,21374.25,21383.0
2025-02-04 08:20:00,21382.0,21407.75,21380.25,21397.5
2025-02-04 08:25:00,21397.0,21398.0,21366.0,21367.75
2025-02-04 08:30:00,21366.25,21381.25,21338.0,21348.0
2025-02-04 08:35:00,21347.0,21355.5,21333.5,21353.5
2025-02-04 08:40:00,21353.25,21354.75,21320.25,21331.75
2025-02-04 08:45:00,21328.75,21338.0,21312.5,21315.0
2025-02-04 08:50:00,21314.25,21344.0,21314.0,21341.0
2025-02-04 08:55:00,21339.5,21364.5,21339.25,21363.0
2025-02-04 09:00:00,21363.75,21395.5,21361.0,21387.75
2025-02-04 09:05:00,21387.75,21390.0,21373.0,21387.5
2025-02-04 09:10:00,21388.25,21403.25,21379.25,21390.0
2025-02-04 09:15:00,21390.0,21390.75,21376.75,21382.5
2025-02-04 09:20:00,21381.5,21388.5,21367.5,21385.75
2025-02-04 09:25:00,21387.25,21388.5,21373.25,21386.0
2025-02-04 09:30:00,21387.5,21389.75,21373.75,21375.75
2025-02-04 09:35:00,21373.5,21383.75,21369.25,21374.5
2025-02-04 09:40:00,21373.75,21373.75,21356.0,21365.25
2025-02-04 09:45:00,21364.75,21380.5,21362.5,21370.0
2025-02-04 09:50:00,21369.25,21378.0,21364.75,21371.5
2025-02-04 09:55:00,21371.5,21375.5,21365.5,21369.5
2025-02-04 10:00:00,21368.75,21371.25,21357.75,21369.0
2025-02-04 10:05:00,21369.0,21383.0,21365.25,21365.25
2025-02-04 10:10:00,21367.75,21392.0,21362.75,21389.75
2025-02-04 10:15:00,21389.75,21395.5,21383.5,21387.5
2025-02-04 10:20:00,21387.25,21401.75,21386.75,21391.5
2025-02-04 10:25:00,21391.0,21398.0,21385.75,21389.75
2025-02-04 10:30:00,21390.75,21396.25,21373.0,21382.25
2025-02-04 10:35:00,21382.25,21396.25,21377.25,21382.0
2025-02-04 10:40:00,21385.25,21388.0,21370.25,21386.5
2025-02-04 10:45:00,21386.75,21398.0,21382.25,21394.75
2025-02-04 10:50:00,21393.75,21393.75,21382.5,21385.0
2025-02-04 10:55:00,21386.0,21395.0,21386.0,21390.75
2025-02-04 11:00:00,21390.5,21404.75,21387.0,21399.75
2025-02-04 11:05:00,21398.5,21426.5,21393.5,21424.25
2025-02-04 11:10:00,21424.25,21425.25,21394.0,21398.5
2025-02-04 11:15:00,21398.25,21405.5,21385.0,21391.25
2025-02-04 11:20:00,21390.0,21398.0,21375.0,21396.5
2025-02-04 11:25:00,21396.5,21411.75,21395.0,21409.25
2025-02-04 11:30:00,21409.75,21416.75,21405.75,21414.5
2025-02-04 11:35:00,21415.25,21415.75,21402.5,21406.0
2025-02-04 11:40:00,21408.25,21415.5,21402.75,21415.5
2025-02-04 11:45:00,21414.75,21422.5,21407.0,21416.75
2025-02-04 11:50:00,21415.0,21416.25,21403.0,21406.25
2025-02-04 11:55:00,21406.0,21408.0,21395.75,21399.0
2025-02-04 12:00:00,21401.0,21429.25,21401.0,21423.25
2025-02-04 12:05:00,21424.0,21432.25,21413.75,21432.0
2025-02-04 12:10:00,21431.5,21445.0,21425.0,21425.5
2025-02-04 12:15:00,21425.25,21438.75,21420.25,21432.0
2025-02-04 12:20:00,21432.25,21436.25,21418.5,21427.0
2025-02-04 12:25:00,21428.0,21454.25,21420.25,21450.0
2025-02-04 12:30:00,21450.0,21455.75,21441.25,21449.75
2025-02-04 12:35:00,21448.75,21470.5,21448.75,21462.75
2025-02-04 12:40:00,21461.0,21498.5,21449.0,21457.5
2025-02-04 12:45:00,21457.5,21457.75,21435.0,21445.25
2025-02-04 12:50:00,21444.0,21455.25,21438.0,21454.0
2025-02-04 12:55:00,21454.25,21487.0,21446.0,21457.0
2025-02-04 13:00:00,21455.5,21457.25,21426.5,21449.75
2025-02-04 13:05:00,21449.5,21468.75,21445.75,21465.0
2025-02-04 13:10:00,21464.75,21471.5,21454.25,21466.0
2025-02-04 13:15:00,21466.0,21475.0,21460.5,21470.5
2025-02-04 13:20:00,21469.5,21475.5,21453.75,21466.0
2025-02-04 13:25:00,21466.25,21471.5,21453.5,21458.25
2025-02-04 13:30:00,21458.25,21460.25,21444.25,21455.5
2025-02-04 13:35:00,21457.0,21462.0,21444.5,21446.5
2025-02-04 13:40:00,21446.0,21451.0,21430.0,21438.25
2025-02-04 13:45:00,21438.0,21446.0,21428.25,21433.5
2025-02-04 13:50:00,21433.0,21448.0,21428.25,21433.5
2025-02-04 13:55:00,21434.75,21436.25,21421.0,21434.5
2025-02-04 14:00:00,21434.75,21443.75,21424.75,21442.5
2025-02-04 14:05:00,21441.5,21448.75,21436.25,21448.0
2025-02-04 14:10:00,21447.75,21450.0,21428.0,21429.5
2025-02-04 14:15:00,21428.75,21433.0,21418.5,21422.25
2025-02-04 14:20:00,21421.75,21426.0,21412.5,21424.75
2025-02-04 14:25:00,21424.5,21443.25,21419.25,21421.25
2025-02-04 14:30:00,21421.25,21466.25,21405.25,21452.0
2025-02-04 14:35:00,21452.0,21523.25,21444.75,21507.0
2025-02-04 14:40:00,21507.5,21521.5,21483.25,21506.0
2025-02-04 14:45:00,21506.75,21523.0,21487.75,21520.25
2025-02-04 14:50:00,21520.0,21552.75,21507.5,21547.0
2025-02-04 14:55:00,21546.75,21575.75,21545.25,21559.75
2025-02-04 15:00:00,21561.0,21606.25,21561.0,21602.75
2025-02-04 15:05:00,21603.0,21646.75,21592.5,21639.0
2025-02-04 15:10:00,21638.0,21656.0,21620.75,21625.25
2025-02-04 15:15:00,21624.75,21663.5,21615.25,21661.0
2025-02-04 15:20:00,21660.5,21663.5,21620.0,21643.25
2025-02-04 15:25:00,21642.75,21658.25,21635.0,21640.5
2025-02-04 15:30:00,21640.5,21655.5,21620.25,21644.5
2025-02-04 15:35:00,21643.5,21675.25,21633.5,21666.0
2025-02-04 15:40:00,21665.75,21680.0,21657.0,21660.5
2025-02-04 15:45:00,21660.75,21666.0,21633.5,21653.0
2025-02-04 15:50:00,21653.5,21659.5,21628.5,21650.75
2025-02-04 15:55:00,21650.75,21653.75,21623.25,21633.25
2025-02-04 16:00:00,21634.5,21667.5,21634.25,21662.0
2025-02-04 16:05:00,21661.75,21670.75,21648.0,21658.5
2025-02-04 16:10:00,21658.5,21669.0,21653.25,21658.25
2025-02-04 16:15:00,21658.25,21663.5,21649.75,21653.25
2025-02-04 16:20:00,21653.25,21659.75,21640.5,21651.5
2025-02-04 16:25:00,21650.5,21685.5,21646.25,21683.75
2025-02-04 16:30:00,21683.5,21688.0,21662.75,21668.25
2025-02-04 16:35:00,21668.25,21690.25,21667.5,21689.5
2025-02-04 16:40:00,21689.25,21694.0,21660.0,21667.75
2025-02-04 16:45:00,21667.25,21672.75,21645.5,21649.5
2025-02-04 16:50:00,21649.5,21659.0,21634.0,21654.5
2025-02-04 16:55:00,21654.25,21661.5,21637.75,21657.5
2025-02-04 17:00:00,21658.0,21660.75,21642.75,21651.5
2025-02-04 17:05:00,21651.0,21653.75,21634.75,21636.75
2025-02-04 17:10:00,21635.5,21652.5,21632.75,21648.25
2025-02-04 17:15:00,21648.0,21652.0,21589.5,21599.75
2025-02-04 17:20:00,21600.5,21610.25,21576.75,21601.0
2025-02-04 17:25:00,21601.0,21604.5,21556.0,21562.25
2025-02-04 17:30:00,21563.0,21573.5,21550.0,21566.75
2025-02-04 17:35:00,21565.75,21591.5,21565.75,21582.0
2025-02-04 17:40:00,21581.0,21601.75,21573.25,21598.5
2025-02-04 17:45:00,21598.5,21598.75,21578.0,21588.0
2025-02-04 17:50:00,21588.25,21601.25,21587.5,21597.25
2025-02-04 17:55:00,21597.75,21625.25,21592.5,21622.75
2025-02-04 18:00:00,21623.5,21624.0,21588.75,21589.25
2025-02-04 18:05:00,21589.25,21590.5,21570.0,21586.25
2025-02-04 18:10:00,21586.0,21608.75,21585.75,21601.25
2025-02-04 18:15:00,21601.75,21615.0,21600.0,21612.75
2025-02-04 18:20:00,21613.0,21636.5,21606.5,21633.0
2025-02-04 18:25:00,21632.75,21638.25,21625.25,21633.25
2025-02-04 18:30:00,21633.0,21641.5,21631.5,21636.75
2025-02-04 18:35:00,21637.0,21645.75,21629.75,21633.5
2025-02-04 18:40:00,21633.5,21642.25,21632.0,21635.25
2025-02-04 18:45:00,21635.75,21643.0,21633.75,21639.25
2025-02-04 18:50:00,21639.5,21646.0,21631.0,21635.75
2025-02-04 18:55:00,21636.25,21642.25,21622.0,21622.0
2025-02-04 19:00:00,21622.75,21640.5,21612.5,21638.5
2025-02-04 19:05:00,21639.0,21653.5,21635.75,21651.25
2025-02-04 19:10:00,21651.0,21660.0,21647.5,21654.75
2025-02-04 19:15:00,21655.0,21669.75,21653.5,21667.75
2025-02-04 19:20:00,21667.5,21680.0,21657.5,21660.5
2025-02-04 19:25:00,21660.5,21663.0,21650.25,21660.0
2025-02-04 19:30:00,21660.0,21671.25,21658.5,21664.25
2025-02-04 19:35:00,21664.5,21675.25,21659.5,21662.25
2025-02-04 19:40:00,21661.75,21668.0,21651.25,21664.0
2025-02-04 19:45:00,21664.0,21667.0,21648.25,21651.5
2025-02-04 19:50:00,21651.75,21657.25,21643.0,21653.5
2025-02-04 19:55:00,21653.75,21658.75,21609.5,21638.75
2025-02-04 20:00:00,21638.0,21644.25,21626.0,21633.0
2025-02-04 20:05:00,21633.25,21649.5,21630.0,21644.0
2025-02-04 20:10:00,21644.25,21657.5,21642.0,21653.25
2025-02-04 20:15:00,21653.75,21658.0,21641.0,21648.25
2025-02-04 20:20:00,21648.5,21651.25,21631.0,21636.5
2025-02-04 20:25:00,21635.5,21641.0,21627.75,21629.25
2025-02-04 20:30:00,21629.75,21640.5,21625.25,21639.0
2025-02-04 20:35:00,21639.0,21656.0,21636.0,21655.75
2025-02-04 20:40:00,21655.5,21663.0,21650.75,21655.0
2025-02-04 20:45:00,21655.0,21656.5,21644.0,21647.5
2025-02-04 20:50:00,21647.5,21685.0,21637.75,21678.0
2025-02-04 20:55:00,21678.0,21685.25,21664.75,21668.0
2025-02-04 21:00:00,21668.25,21691.75,21591.5,21606.0
2025-02-04 21:05:00,21606.75,21638.75,21604.25,21625.5
2025-02-04 21:10:00,21628.0,21629.5,21611.25,21617.25
2025-02-04 21:15:00,21617.75,21649.0,21615.0,21630.0
2025-02-04 21:20:00,21628.0,21630.0,21600.25,21610.5
2025-02-04 21:25:00,21611.25,21620.0,21605.0,21605.0
2025-02-04 21:30:00,21604.75,21614.5,21599.5,21599.5
2025-02-04 21:35:00,21599.25,21604.5,21583.0,21592.75
2025-02-04 21:40:00,21592.75,21594.75,21572.0,21587.5
2025-02-04 21:45:00,21586.0,21602.75,21583.25,21602.0
2025-02-04 21:50:00,21600.5,21603.0,21590.0,21591.0
2025-02-04 21:55:00,21592.25,21595.0,21575.75,21583.5
2025-02-04 23:00:00,21562.0,21590.5,21550.0,21582.0
2025-02-04 23:05:00,21581.25,21582.25,21563.75,21564.5
2025-02-04 23:10:00,21565.0,21584.25,21561.5,21584.25
2025-02-04 23:15:00,21582.75,21594.5,21578.75,21579.75
2025-02-04 23:20:00,21579.75,21589.75,21578.75,21579.25
2025-02-04 23:25:00,21579.25,21589.25,21576.25,21585.0
2025-02-04 23:30:00,21585.25,21592.0,21584.0,21584.0
2025-02-04 23:35:00,21585.0,21585.5,21574.0,21579.25
2025-02-04 23:40:00,21579.25,21586.0,21576.75,21584.25
2025-02-04 23:45:00,21584.5,21584.5,21577.25,21579.0
2025-02-04 23:50:00,21578.75,21582.25,21568.25,21570.0
2025-02-04 23:55:00,21569.25,21576.75,21564.5,21566.5
2025-02-05 00:00:00,21568.25,21574.5,21555.5,21559.75
2025-02-05 00:05:00,21561.25,21576.0,21558.5,21573.75
2025-02-05 00:10:00,21573.75,21592.5,21570.5,21588.0
2025-02-05 00:15:00,21588.0,21591.75,21581.75,21584.0
2025-02-05 00:20:00,21583.75,21588.75,21583.25,21585.5
2025-02-05 00:25:00,21584.25,21590.0,21583.5,21589.75
2025-02-05 00:30:00,21590.0,21605.5,21590.0,21602.25
2025-02-05 00:35:00,21602.25,21613.0,21600.75,21609.0
2025-02-05 00:40:00,21608.5,21617.0,21602.75,21603.5
2025-02-05 00:45:00,21603.5,21608.25,21594.0,21595.0
2025-02-05 00:50:00,21594.5,21602.5,21592.25,21600.25
2025-02-05 00:55:00,21600.5,21603.5,21595.0,21598.0
2025-02-05 01:00:00,21597.5,21606.0,21596.0,21603.75
2025-02-05 01:05:00,21604.25,21609.0,21596.0,21601.0
2025-02-05 01:10:00,21601.75,21607.0,21600.0,21606.75
2025-02-05 01:15:00,21607.5,21621.75,21607.0,21617.0
2025-02-05 01:20:00,21616.75,21623.75,21609.0,21609.75
2025-02-05 01:25:00,21610.0,21617.0,21606.25,21610.0
2025-02-05 01:30:00,21610.75,21611.25,21579.0,21589.25
2025-02-05 01:35:00,21587.0,21588.75,21574.0,21582.5
2025-02-05 01:40:00,21582.75,21588.0,21580.75,21583.5
2025-02-05 01:45:00,21582.5,21588.0,21578.5,21580.25
2025-02-05 01:50:00,21579.0,21584.25,21574.25,21582.5
2025-02-05 01:55:00,21583.0,21584.0,21567.0,21570.25
2025-02-05 02:00:00,21569.5,21574.25,21561.5,21568.0
2025-02-05 02:05:00,21567.75,21575.5,21565.5,21574.75
2025-02-05 02:10:00,21575.0,21579.25,21566.0,21574.0
2025-02-05 02:15:00,21574.0,21574.5,21568.0,21573.0
2025-02-05 02:20:00,21573.75,21576.5,21563.25,21564.0
2025-02-05 02:25:00,21563.75,21569.5,21558.5,21568.75
2025-02-05 02:30:00,21567.5,21576.75,21563.5,21574.75
2025-02-05 02:35:00,21575.5,21576.5,21570.0,21575.75
2025-02-05 02:40:00,21576.5,21581.75,21574.5,21580.25
2025-02-05 02:45:00,21580.5,21588.5,21579.5,21583.25
2025-02-05 02:50:00,21583.0,21583.25,21573.75,21578.25
2025-02-05 02:55:00,21578.25,21580.25,21561.0,21564.25
2025-02-05 03:00:00,21565.25,21576.0,21565.0,21569.25
2025-02-05 03:05:00,21570.5,21572.25,21563.0,21571.75
2025-02-05 03:10:00,21572.25,21574.5,21566.75,21568.25
2025-02-05 03:15:00,21568.0,21573.0,21566.0,21567.25
2025-02-05 03:20:00,21567.75,21571.0,21552.5,21558.75
2025-02-05 03:25:00,21557.75,21560.75,21555.0,21557.75
2025-02-05 03:30:00,21559.25,21565.25,21557.75,21562.75
2025-02-05 03:35:00,21563.5,21568.0,21559.0,21567.5
2025-02-05 03:40:00,21566.75,21569.75,21562.25,21567.5
2025-02-05 03:45:00,21568.0,21568.0,21558.0,21558.75
2025-02-05 03:50:00,21559.0,21560.0,21553.75,21556.5
2025-02-05 03:55:00,21556.5,21557.0,21537.25,21543.0
2025-02-05 04:00:00,21542.5,21546.75,21534.25,21539.25
2025-02-05 04:05:00,21539.25,21548.0,21539.25,21547.25
2025-02-05 04:10:00,21547.75,21550.5,21546.5,21549.5
2025-02-05 04:15:00,21550.5,21551.5,21541.75,21545.25
2025-02-05 04:20:00,21544.75,21551.75,21544.75,21547.5
2025-02-05 04:25:00,21547.75,21551.75,21542.25,21548.25
2025-02-05 04:30:00,21549.0,21558.5,21546.75,21558.25
2025-02-05 04:35:00,21558.75,21562.75,21555.0,21557.75
2025-02-05 04:40:00,21558.25,21562.5,21557.0,21561.75
2025-02-05 04:45:00,21561.75,21562.5,21557.5,21561.0
2025-02-05 04:50:00,21561.75,21563.5,21553.0,21554.75
2025-02-05 04:55:00,21555.0,21563.0,21554.0,21561.5
2025-02-05 05:00:00,21561.75,21567.25,21560.75,21564.5
2025-02-05 05:05:00,21564.75,21565.5,21554.5,21561.5
2025-02-05 05:10:00,21561.75,21564.0,21557.75,21559.5
2025-02-05 05:15:00,21560.0,21564.25,21558.25,21558.5
2025-02-05 05:20:00,21558.25,21559.25,21555.5,21557.75
2025-02-05 05:25:00,21557.75,21557.75,21547.5,21552.0
2025-02-05 05:30:00,21552.5,21555.0,21541.75,21548.0
2025-02-05 05:35:00,21548.0,21549.0,21537.5,21544.0
2025-02-05 05:40:00,21544.5,21550.25,21543.75,21546.25
2025-02-05 05:45:00,21546.0,21547.5,21541.5,21541.75
2025-02-05 05:50:00,21542.75,21542.75,21535.25,21537.0
2025-02-05 05:55:00,21537.0,21540.5,21530.5,21539.5
2025-02-05 06:00:00,21541.0,21541.75,21528.0,21532.75
2025-02-05 06:05:00,21532.75,21535.75,21529.0,21533.5
2025-02-05 06:10:00,21534.25,21537.75,21530.75,21532.75
2025-02-05 06:15:00,21533.5,21542.0,21532.0,21539.0
2025-02-05 06:20:00,21539.25,21546.0,21537.25,21544.0
2025-02-05 06:25:00,21545.0,21549.25,21535.5,21540.75
2025-02-05 06:30:00,21541.75,21544.25,21538.75,21539.0
2025-02-05 06:35:00,21540.0,21542.0,21516.25,21519.25
2025-02-05 06:40:00,21519.75,21525.5,21508.0,21516.5
2025-02-05 06:45:00,21517.5,21522.5,21511.75,21516.75
2025-02-05 06:50:00,21516.0,21520.75,21511.75,21518.75
2025-02-05 06:55:00,21519.0,21520.25,21514.75,21519.25
2025-02-05 07:00:00,21518.25,21520.5,21494.25,21498.5
2025-02-05 07:05:00,21498.0,21502.75,21490.0,21498.25
2025-02-05 07:10:00,21498.25,21507.0,21495.75,21499.5
2025-02-05 07:15:00,21499.25,21506.0,21492.25,21503.75
2025-02-05 07:20:00,21503.5,21513.75,21502.0,21508.75
2025-02-05 07:25:00,21508.75,21514.0,21501.5,21505.0
2025-02-05 07:30:00,21505.5,21511.0,21494.5,21495.25
2025-02-05 07:35:00,21495.25,21500.5,21481.25,21493.0
2025-02-05 07:40:00,21493.25,21508.5,21493.0,21507.25
2025-02-05 07:45:00,21507.25,21516.25,21504.75,21515.25
2025-02-05 07:50:00,21516.25,21517.75,21508.0,21514.75
2025-02-05 07:55:00,21513.75,21517.0,21510.75,21515.0
2025-02-05 08:00:00,21514.0,21529.5,21512.25,21526.5
2025-02-05 08:05:00,21527.0,21527.0,21510.25,21511.25
2025-02-05 08:10:00,21511.75,21519.75,21506.25,21511.5
2025-02-05 08:15:00,21511.75,21517.0,21506.75,21510.75
2025-02-05 08:20:00,21510.75,21532.5,21510.75,21532.0
2025-02-05 08:25:00,21532.0,21538.5,21524.25,21535.75
2025-02-05 08:30:00,21535.5,21540.75,21528.75,21533.5
2025-02-05 08:35:00,21533.75,21535.0,21485.25,21494.25
2025-02-05 08:40:00,21494.5,21500.0,21451.25,21458.0
2025-02-05 08:45:00,21458.25,21481.25,21452.75,21477.75
2025-02-05 08:50:00,21478.5,21483.25,21470.75,21473.5
2025-02-05 08:55:00,21472.5,21476.75,21465.0,21469.25
2025-02-05 09:00:00,21470.0,21498.75,21457.75,21495.25
2025-02-05 09:05:00,21494.75,21503.0,21483.75,21487.0
2025-02-05 09:10:00,21486.0,21506.0,21480.25,21496.75
2025-02-05 09:15:00,21495.75,21499.25,21481.5,21484.75
2025-02-05 09:20:00,21484.75,21490.75,21464.5,21464.5
2025-02-05 09:25:00,21464.5,21476.25,21460.5,21466.25
2025-02-05 09:30:00,21466.5,21470.0,21453.0,21459.0
2025-02-05 09:35:00,21460.0,21467.75,21456.0,21457.25
2025-02-05 09:40:00,21457.75,21463.5,21436.25,21445.0
2025-02-05 09:45:00,21444.5,21454.75,21439.25,21444.25
2025-02-05 09:50:00,21445.0,21454.0,21444.5,21451.75
2025-02-05 09:55:00,21451.0,21457.0,21435.5,21441.0
2025-02-05 10:00:00,21441.0,21451.0,21429.75,21446.5
2025-02-05 10:05:00,21446.5,21467.5,21444.0,21465.5
2025-02-05 10:10:00,21465.25,21473.0,21461.25,21463.0
2025-02-05 10:15:00,21462.25,21473.75,21458.5,21469.75
2025-02-05 10:20:00,21469.0,21472.5,21460.5,21462.25
2025-02-05 10:25:00,21462.0,21471.75,21458.5,21467.25
2025-02-05 10:30:00,21467.0,21472.0,21462.75,21472.0
2025-02-05 10:35:00,21472.0,21482.5,21471.0,21478.75
2025-02-05 10:40:00,21478.25,21478.25,21467.5,21470.5
2025-02-05 10:45:00,21469.25,21472.25,21461.25,21470.5
2025-02-05 10:50:00,21471.0,21471.75,21461.25,21471.75
2025-02-05 10:55:00,21471.75,21480.0,21471.25,21479.0
2025-02-05 11:00:00,21479.5,21482.0,21474.25,21478.0
2025-02-05 11:05:00,21478.5,21484.25,21477.75,21480.25
2025-02-05 11:10:00,21481.0,21488.5,21476.25,21486.25
2025-02-05 11:15:00,21485.5,21490.0,21477.0,21489.5
2025-02-05 11:20:00,21489.25,21492.25,21480.75,21490.75
2025-02-05 11:25:00,21491.25,21493.5,21484.0,21486.0
2025-02-05 11:30:00,21486.0,21488.75,21479.75,21481.5
2025-02-05 11:35:00,21481.0,21485.5,21477.0,21483.25
2025-02-05 11:40:00,21483.5,21487.5,21477.25,21486.25
2025-02-05 11:45:00,21486.5,21491.5,21482.75,21490.5
2025-02-05 11:50:00,21490.75,21496.5,21489.0,21492.25
2025-02-05 11:55:00,21491.5,21497.25,21487.75,21494.0
2025-02-05 12:00:00,21494.5,21499.25,21487.5,21494.0
2025-02-05 12:05:00,21493.75,21494.5,21483.0,21483.5
2025-02-05 12:10:00,21483.75,21485.5,21471.0,21475.0
2025-02-05 12:15:00,21474.75,21499.75,21474.75,21494.25
2025-02-05 12:20:00,21493.75,21495.0,21480.25,21492.0
2025-02-05 12:25:00,21492.5,21499.5,21487.5,21499.5
2025-02-05 12:30:00,21499.5,21500.0,21489.25,21489.25
2025-02-05 12:35:00,21490.0,21496.0,21487.75,21491.25
2025-02-05 12:40:00,21492.0,21505.25,21491.25,21504.5
2025-02-05 12:45:00,21504.75,21515.0,21497.5,21500.5
2025-02-05 12:50:00,21500.5,21508.25,21499.75,21505.0
2025-02-05 12:55:00,21505.5,21513.25,21501.0,21511.0
2025-02-05 13:00:00,21511.25,21514.25,21491.5,21504.0
2025-02-05 13:05:00,21504.0,21517.5,21496.75,21515.5
2025-02-05 13:10:00,21514.0,21515.5,21499.75,21509.25
2025-02-05 13:15:00,21509.5,21512.5,21486.5,21505.25
2025-02-05 13:20:00,21506.25,21522.75,21502.25,21517.0
2025-02-05 13:25:00,21517.25,21531.5,21516.5,21528.5
2025-02-05 13:30:00,21527.5,21553.75,21513.0,21519.25
2025-02-05 13:35:00,21520.0,21526.5,21508.75,21522.0
2025-02-05 13:40:00,21523.5,21537.0,21515.5,21527.25
2025-02-05 13:45:00,21527.25,21534.0,21516.0,21523.0
2025-02-05 13:50:00,21522.75,21529.5,21516.25,21521.75
2025-02-05 13:55:00,21523.5,21532.25,21518.0,21529.25
2025-02-05 14:00:00,21529.0,21531.5,21510.0,21521.75
2025-02-05 14:05:00,21521.0,21532.0,21518.25,21529.25
2025-02-05 14:10:00,21529.0,21536.75,21527.25,21532.5
2025-02-05 14:15:00,21532.5,21544.75,21532.25,21540.25
2025-02-05 14:20:00,21540.75,21548.0,21530.75,21546.0
2025-02-05 14:25:00,21545.75,21556.5,21538.5,21550.75
2025-02-05 14:30:00,21550.5,21562.5,21519.0,21544.75
2025-02-05 14:35:00,21545.0,21588.0,21541.5,21568.25
2025-02-05 14:40:00,21568.5,21580.0,21552.0,21569.25
2025-02-05 14:45:00,21569.5,21591.5,21564.0,21581.25
2025-02-05 14:50:00,21581.25,21589.75,21543.5,21551.75
2025-02-05 14:55:00,21551.75,21575.25,21533.25,21565.25
2025-02-05 15:00:00,21564.75,21613.75,21501.0,21516.0
2025-02-05 15:05:00,21517.5,21546.0,21512.0,21531.5
2025-02-05 15:10:00,21532.25,21560.5,21506.75,21559.25
2025-02-05 15:15:00,21558.25,21560.25,21510.0,21528.5
2025-02-05 15:20:00,21529.25,21557.5,21510.25,21548.75
2025-02-05 15:25:00,21549.0,21584.0,21547.25,21581.25
2025-02-05 15:30:00,21581.0,21585.75,21545.5,21578.75
2025-02-05 15:35:00,21579.25,21596.25,21571.0,21592.5
2025-02-05 15:40:00,21591.75,21605.0,21579.25,21597.25
2025-02-05 15:45:00,21597.25,21601.0,21574.75,21583.75
2025-02-05 15:50:00,21583.75,21591.75,21569.25,21587.0
2025-02-05 15:55:00,21586.75,21604.0,21575.5,21592.25
2025-02-05 16:00:00,21591.25,21607.5,21576.0,21592.75
2025-02-05 16:05:00,21593.0,21633.25,21590.75,21624.0
2025-02-05 16:10:00,21624.5,21628.75,21593.5,21602.0
2025-02-05 16:15:00,21601.75,21606.25,21568.25,21577.0
2025-02-05 16:20:00,21576.75,21583.25,21562.75,21581.0
2025-02-05 16:25:00,21581.75,21622.75,21574.25,21621.0
2025-02-05 16:30:00,21621.75,21632.75,21613.5,21630.75
2025-02-05 16:35:00,21630.25,21653.0,21629.0,21649.0
2025-02-05 16:40:00,21649.25,21659.25,21636.5,21657.5
2025-02-05 16:45:00,21657.25,21680.75,21647.75,21679.5
2025-02-05 16:50:00,21679.0,21709.5,21679.0,21703.0
2025-02-05 16:55:00,21703.0,21719.25,21693.75,21711.0
2025-02-05 17:00:00,21711.0,21733.75,21708.75,21733.75
2025-02-05 17:05:00,21733.25,21742.5,21727.5,21734.75
2025-02-05 17:10:00,21734.25,21740.5,21725.5,21728.0
2025-02-05 17:15:00,21728.25,21729.25,21709.25,21718.0
2025-02-05 17:20:00,21718.0,21718.75,21699.25,21713.0
2025-02-05 17:25:00,21712.75,21720.25,21705.75,21706.75
2025-02-05 17:30:00,21707.75,21714.75,21699.75,21703.0
2025-02-05 17:35:00,21703.5,21714.75,21697.5,21699.25
2025-02-05 17:40:00,21699.0,21705.5,21694.5,21703.5
2025-02-05 17:45:00,21703.5,21714.75,21701.5,21709.25
2025-02-05 17:50:00,21708.75,21718.25,21684.25,21715.75
2025-02-05 17:55:00,21716.0,21716.75,21698.75,21704.75
2025-02-05 18:00:00,21705.5,21715.25,21705.0,21708.75
2025-02-05 18:05:00,21709.25,21714.75,21695.25,21702.25
2025-02-05 18:10:00,21702.0,21702.5,21687.5,21699.25
2025-02-05 18:15:00,21699.0,21711.5,21694.5,21706.75
2025-02-05 18:20:00,21706.75,21707.75,21693.75,21695.5
2025-02-05 18:25:00,21695.25,21695.75,21672.0,21691.0
2025-02-05 18:30:00,21690.5,21701.25,21680.25,21700.0
2025-02-05 18:35:00,21699.75,21718.25,21698.0,21714.0
2025-02-05 18:40:00,21713.5,21722.25,21698.75,21705.5
2025-02-05 18:45:00,21705.5,21706.0,21696.5,21704.5
2025-02-05 18:50:00,21704.5,21705.5,21686.0,21696.75
2025-02-05 18:55:00,21697.0,21712.0,21691.0,21710.5
2025-02-05 19:00:00,21710.5,21717.75,21706.0,21712.25
2025-02-05 19:05:00,21712.75,21734.25,21710.75,21730.5
2025-02-05 19:10:00,21731.75,21736.25,21723.75,21729.25
2025-02-05 19:15:00,21729.5,21730.75,21720.5,21724.0
2025-02-05 19:20:00,21724.75,21731.5,21721.75,21727.25
2025-02-05 19:25:00,21727.5,21727.5,21715.25,21717.5
2025-02-05 19:30:00,21717.5,21722.5,21707.0,21716.0
2025-02-05 19:35:00,21715.75,21720.5,21708.0,21718.0
2025-02-05 19:40:00,21719.0,21724.0,21710.75,21712.0
2025-02-05 19:45:00,21711.5,21718.75,21707.25,21718.0
2025-02-05 19:50:00,21718.25,21718.25,21703.0,21708.25
2025-02-05 19:55:00,21708.75,21714.0,21704.75,21709.5
2025-02-05 20:00:00,21708.75,21724.75,21708.75,21721.75
2025-02-05 20:05:00,21721.75,21725.5,21713.75,21721.5
2025-02-05 20:10:00,21721.0,21723.25,21713.0,21716.0
2025-02-05 20:15:00,21715.75,21736.25,21715.75,21733.75
2025-02-05 20:20:00,21733.5,21746.5,21732.0,21744.0
2025-02-05 20:25:00,21743.75,21753.0,21735.25,21743.75
2025-02-05 20:30:00,21743.5,21746.75,21730.75,21734.0
2025-02-05 20:35:00,21733.75,21733.75,21718.0,21719.25
2025-02-05 20:40:00,21719.75,21720.5,21689.75,21696.25
2025-02-05 20:45:00,21696.5,21709.0,21691.5,21701.75
2025-02-05 20:50:00,21701.5,21727.75,21692.0,21723.5
2025-02-05 20:55:00,21724.0,21769.0,21723.25,21761.75
2025-02-05 21:00:00,21762.0,21782.25,21750.0,21754.25
2025-02-05 21:05:00,21755.0,21766.75,21751.0,21762.25
2025-02-05 21:10:00,21762.5,21787.5,21761.5,21784.5
2025-02-05 21:15:00,21784.0,21795.0,21780.0,21782.0
2025-02-05 21:20:00,21782.5,21785.5,21771.75,21773.0
2025-02-05 21:25:00,21773.0,21773.5,21765.5,21767.5
2025-02-05 21:30:00,21767.5,21769.25,21760.5,21766.25
2025-02-05 21:35:00,21766.25,21768.5,21761.0,21765.25
2025-02-05 21:40:00,21765.5,21765.5,21755.0,21756.0
2025-02-05 21:45:00,21755.5,21759.0,21751.25,21755.0
2025-02-05 21:50:00,21755.0,21767.5,21754.5,21766.75
2025-02-05 21:55:00,21767.25,21773.5,21764.0,21770.5
2025-02-05 23:00:00,21764.5,21765.0,21753.5,21754.25
2025-02-05 23:05:00,21754.0,21756.25,21749.75,21752.75
2025-02-05 23:10:00,21752.75,21759.75,21752.5,21755.25
2025-02-05 23:15:00,21754.0,21759.75,21752.25,21756.5
2025-02-05 23:20:00,21757.75,21767.5,21757.75,21764.75
2025-02-05 23:25:00,21764.5,21769.5,21760.0,21762.25
2025-02-05 23:30:00,21761.5,21764.5,21750.75,21751.0
2025-02-05 23:35:00,21751.25,21759.25,21751.0,21756.75
2025-02-05 23:40:00,21756.25,21762.0,21752.25,21761.25
2025-02-05 23:45:00,21760.0,21775.0,21758.75,21770.5
2025-02-05 23:50:00,21770.5,21775.5,21768.0,21771.5
2025-02-05 23:55:00,21770.5,21774.0,21769.5,21773.0
2025-02-06 00:00:00,21772.25,21793.25,21770.75,21790.75
2025-02-06 00:05:00,21791.25,21797.75,21785.5,21786.75
2025-02-06 00:10:00,21787.5,21791.0,21782.0,21784.5
2025-02-06 00:15:00,21784.5,21787.5,21780.5,21786.25
2025-02-06 00:20:00,21787.0,21790.5,21785.0,21787.0
2025-02-06 00:25:00,21788.0,21790.25,21782.75,21790.25
2025-02-06 00:30:00,21789.75,21793.5,21783.0,21786.75
2025-02-06 00:35:00,21787.25,21787.25,21775.5,21775.75
2025-02-06 00:40:00,21775.75,21779.5,21773.5,21777.75
2025-02-06 00:45:00,21778.25,21778.25,21770.75,21775.0
2025-02-06 00:50:00,21775.5,21776.25,21765.25,21774.5
2025-02-06 00:55:00,21774.25,21778.25,21772.25,21774.0
2025-02-06 01:00:00,21774.5,21783.0,21771.5,21775.0
2025-02-06 01:05:00,21775.25,21777.5,21768.0,21772.5
2025-02-06 01:10:00,21772.5,21783.75,21772.5,21782.0
2025-02-06 01:15:00,21782.25,21785.0,21777.5,21780.0
2025-02-06 01:20:00,21781.0,21781.0,21775.25,21776.0
2025-02-06 01:25:00,21775.25,21778.0,21773.75,21776.25
2025-02-06 01:30:00,21776.5,21779.75,21774.0,21778.75
2025-02-06 01:35:00,21778.75,21779.0,21771.0,21772.25
2025-02-06 01:40:00,21771.75,21773.75,21763.25,21767.0
2025-02-06 01:45:00,21766.5,21773.0,21764.5,21767.5
2025-02-06 01:50:00,21768.5,21771.5,21763.75,21769.75
2025-02-06 01:55:00,21770.0,21774.75,21767.75,21767.75
2025-02-06 02:00:00,21767.5,21769.25,21761.25,21763.75
2025-02-06 02:05:00,21764.0,21771.25,21758.25,21768.0
2025-02-06 02:10:00,21769.0,21774.75,21768.25,21772.5
2025-02-06 02:15:00,21772.0,21778.5,21771.75,21777.5
2025-02-06 02:20:00,21777.25,21777.5,21773.0,21775.5
2025-02-06 02:25:00,21774.75,21781.0,21774.75,21780.75
2025-02-06 02:30:00,21780.0,21784.0,21777.25,21784.0
2025-02-06 02:35:00,21783.5,21784.5,21777.0,21781.25
2025-02-06 02:40:00,21782.0,21782.0,21778.5,21779.5
2025-02-06 02:45:00,21779.0,21782.5,21779.0,21782.25
2025-02-06 02:50:00,21782.5,21783.0,21778.5,21782.25
2025-02-06 02:55:00,21781.75,21782.5,21779.0,21780.75
2025-02-06 03:00:00,21781.0,21788.5,21780.5,21784.25
2025-02-06 03:05:00,21784.0,21788.0,21775.75,21776.75
2025-02-06 03:10:00,21776.75,21778.0,21772.25,21777.0
2025-02-06 03:15:00,21778.0,21779.5,21774.25,21776.75
2025-02-06 03:20:00,21776.5,21777.5,21774.25,21776.5
2025-02-06 03:20:00,21776.5,21777.5,21774.25,21776.0
2025-02-06 03:20:00,21776.0,21776.0,21776.0,21776.0
